ID,Question,Reference Answer,Simple RAG Output,Simple Accuracy,Agent Output,Agent Accuracy,Faithfulness,Relevancy
1,What was the Total GAAP gross margin in Q2-2025?,17.2%,"Metric: Total GAAP gross margin. Values: Q2-2024 was 18.0%; Q3-2024 was 19.8%; Q4-2024 was 16.3%; Q1-2025 was 16.3%; Q2-2025 was 17.2%. 

The Total GAAP gross margin in Q2-2025 was 17.2%.",1,The Total GAAP gross margin in Q2-2025 is 17.2%.,1,1.0,1.0
2,Calculate the percentage change in Total automotive revenues from Q2-2024 to Q2-2025.,-16%,"Metric: Total automotive revenues. 
Values: Q2-2024 was 19,878; Q2-2025 was 16,661.

To calculate the percentage change: 
((Q2-2025 - Q2-2024) / Q2-2024) * 100
= ((16,661 - 19,878) / 19,878) * 100
= (-3,217 / 19,878) * 100
= -16.2%

The percentage change in Total automotive revenues from Q2-2024 to Q2-2025 is -16.2%.",1,"The percentage change in Total automotive revenues from Q2-2024 to Q2-2025 is -16.18% (Source: TSLA-Q2-2025-Update.pdf, Page 4).",1,1.0,1.0
3,What is the difference in Operating Expenses between Q2-2024 and Q2-2025?,-18 million,"Metric: Operating expenses. 
Values: Q2-2024 was 2,973; Q2-2025 was 2,955.
The difference is 18.",0,The difference in Operating Expenses between Q2-2024 and Q2-2025 is -18 million dollars.,1,0.0,1.0
4,How many Supercharger stations were added between Q2-2024 and Q2-2025?,904,"Metric: Supercharger stations. Values: Q2-2024 was 6,473; Q2-2025 was 7,377. 

To find the number of Supercharger stations added, subtract the value for Q2-2024 from the value for Q2-2025: 7,377 - 6,473 = 904.

The answer is 904.",1,904 Supercharger stations were added between Q2-2024 and Q2-2025.,1,1.0,1.0
5,What represents the largest component of Total revenues in Q2-2025?,Total automotive revenues,"Metric: Total revenues. Values: Q2-2024 was 25,500; Q3-2024 was 25,182; Q4-2024 was 25,707; Q1-2025 was 19,335; Q2-2025 was 22,496.

To determine the largest component of Total revenues in Q2-2025, we need to look at the components of Total revenues, which are Total automotive revenues, Energy generation and storage revenue, and Services and other revenue.

Metric: Total automotive revenues. Values: Q2-2024 was 19,878; Q3-2024 was 20,016; Q4-2024 was 19,798; Q1-2025 was 13,967; Q2-2025 was 16,661.

Metric: Energy generation and storage revenue. Values: Q2-2024 was 3,014; Q3-2024 was 2,376; Q4-2024 was 3,061; Q1-2025 was 2,730; Q2-2025 was 2,789.

Metric: Services and other revenue. Values: Q2-2024 was 2,608; Q3-2024 was 2,790; Q4-2024 was 2,848; Q1-2025 was 2,638; Q2-2025 was 3,046.

Comparing the values for Q2-2025, Total automotive revenues was 16,661, Energy generation and storage revenue was 2,789, and Services and other revenue was 3,046. 

The largest component of Total revenues in Q2-2025 is Total automotive revenues, which is 16,661.",1,"The largest component of Total revenues in Q2-2025 is Total automotive revenues, which is $16,661.",1,1.0,1.0
6,Sum the Net income attributable to common stockholders (GAAP) for Q1-2025 and Q2-2025.,"1,581","Metric: Net income attributable to common stockholders (GAAP). 
Values: Q1-2025 was 409; Q2-2025 was 1,172. 
The sum of these values is 409 + 1,172 = 1,581.",1,The sum of Net income attributable to common stockholders (GAAP) for Q1-2025 and Q2-2025 is 1581.,1,1.0,1.0
